cluster_ID,files,title,description
Cluster_0,ConfiguredNodeLabels.java; QueueNodeLabelsSettings.java; UserInfo.java; UserWeights.java,Hadoop YARN Capacity Scheduler - Node Label Management and User Scheduling,"The Hadoop YARN Capacity Scheduler architecture focuses on efficient resource allocation and fair distribution among users. It employs a hierarchical node label system for fine-grained resource management and implements user-based scheduling with configurable weights. The system consists of four key components: ConfiguredNodeLabels for managing node labels, QueueNodeLabelsSettings for determining label accessibility, UserInfo for tracking user resource usage, and UserWeights for adjusting scheduling priorities. The architecture leverages Java patterns and the Hadoop YARN framework, ensuring scalability, security, and maintainability. It uses immutable collections, configuration management, and custom data structures to achieve its goals."
Cluster_1,AbstractAutoCreatedLeafQueue.java; AbstractManagedParentQueue.java; AutoCreatedLeafQueue.java; AutoCreatedLeafQueueConfig.java; AutoCreatedQueueManagementPolicy.java; AutoCreatedQueueTemplate.java; DeactivatedLeafQueuesByLabel.java; LeafQueue.java; LeafQueueEntitlements.java; ManagedParentQueue.java; ParentQueue.java; PlanQueue.java; PriorityUtilizationQueueOrderingPolicy.java; QueueManagementChange.java; QueueOrderingPolicy.java; QueuePath.java; QueuePrefixes.java; QueueStateHelper.java; QueueUpdateWarning.java; ReservationQueue.java,Hadoop YARN Capacity Scheduler Architecture,"The Hadoop YARN Capacity Scheduler implements a hierarchical queue system for resource allocation in a distributed cluster. It consists of parent and leaf queues managed through policy-based ordering and capacity tracking. Key components include policy/ for queue ordering, queuemanagement/ for capacity and entitlement handling, and various queue classes (AutoCreatedLeafQueue, ManagedParentQueue, ParentQueue) for dynamic queue creation and management. The system leverages Java patterns like Factory, Strategy, and Template Method, and uses core Hadoop YARN classes for queue operations. It prioritizes scalability, fairness, and resource efficiency while allowing for dynamic configuration and adjustment of queue properties. The architecture supports complex scheduling scenarios and provides a flexible framework for managing cluster resources across multiple applications and users."
Cluster_2,AbstractContainerAllocator.java; AppPriorityACLConfigurationParser.java; AppPriorityACLGroup.java; CSAssignment.java; ContainerAllocation.java; ContainerAllocator.java; KillableContainer.java; PreemptableQueue.java; PreemptionManager.java; RegularContainerAllocator.java,Hadoop YARN Capacity Scheduler Architecture,"The Hadoop YARN Capacity Scheduler is a sophisticated resource management system that efficiently allocates cluster resources across multiple applications. It consists of three main components: the allocator, preemption, and configuration parsing. The allocator implements a flexible allocation strategy using the Template Method and Decorator patterns, considering factors like locality, priority, and resource availability. The preemption system manages container reclamation through KillableContainer, PreemptableQueue, and PreemptionManager classes, ensuring optimal resource utilization. The configuration parsing component, AppPriorityACLConfigurationParser and AppPriorityACLGroup, handles access control and priority settings. The system is designed for scalability, fairness, and security, with a focus on maintainability and extensibility. Key technologies include Java patterns, regular expressions, and state machines, all integrated within the Hadoop YARN framework."
Cluster_3,AbsoluteResourceCapacityCalculator.java; AbstractQueueCapacityCalculator.java; CSQueueInfoProvider.java; CSQueueMetrics.java; CSQueueStore.java; CSQueueUsageTracker.java; CSQueueUtils.java; CalculationContext.java; CapacityHeadroomProvider.java; CapacitySchedulerMetrics.java; CapacitySchedulerQueueCapacityHandler.java; DefaultQueueResourceRoundingStrategy.java; PercentageQueueCapacityCalculator.java; QueueAllocationSettings.java; QueueCapacities.java; QueueCapacityConfigParser.java; QueueCapacityUpdateContext.java; QueueCapacityVector.java; QueueResourceRoundingStrategy.java; ResourceCalculationDriver.java; RootCalculationDriver.java; RootQueueCapacityCalculator.java; WeightQueueCapacityCalculator.java,Hadoop YARN Capacity Scheduler Architecture,"The Hadoop YARN Capacity Scheduler is a sophisticated resource management system that efficiently allocates cluster resources across multiple queues. It employs a modular design with several key components working in tandem to manage queue capacities, track resource usage, and ensure fair distribution of resources. The architecture leverages design patterns such as Strategy, Factory, and Template Method to handle various scheduling scenarios and capacity configurations. Key components include queue capacity calculators, resource usage trackers, and metrics collectors. The system is highly scalable, allowing for dynamic adjustment of queue capacities and node label-based resource allocation. It prioritizes fairness and security while maintaining extensibility for future enhancements. The implementation is primarily in Java, utilizing Hadoop's YARN framework and various utility classes for resource management and metric collection."
Cluster_4,CSConfigurationProvider.java; ConfigurationProperties.java; ConfigurationUpdateAssembler.java; FSSchedulerConfigurationStore.java; FileBasedCSConfigurationProvider.java; InMemoryConfigurationStore.java; LeveldbConfigurationStore.java; MutableCSConfigurationProvider.java; QueueAdminConfigurationMutationACLPolicy.java; YarnConfigurationStore.java; YarnConfigurationStoreFactory.java; ZKConfigurationStore.java,Hadoop YARN Capacity Scheduler Configuration Management,"The Hadoop YARN Capacity Scheduler Configuration Management system is a sophisticated architecture within the YARN ResourceManager, designed to handle dynamic and secure configuration of resource allocation. It leverages the Strategy pattern for flexible configuration updates and the Factory pattern for diverse configuration storage options. The system includes components like CSConfigurationProvider, ConfigurationUpdateAssembler, and MutableCSConfigurationProvider, working in tandem to manage configurations across temporary and persistent storage. It employs ACL policies for secure queue configuration, supporting multiple backends including in-memory, LevelDB, and Zookeeper. The ConfigurationProperties.java class, implementing a trie-based storage system, optimizes property retrieval and filtering. This architecture ensures scalability, maintainability, and extensibility while providing a secure and efficient way to manage scheduler configurations in a distributed Hadoop environment."
Cluster_5,AllocationState.java; CSAMContainerLaunchDiagnosticsConstants.java; SchedulingMode.java; YarnConfStoreVersionIncompatibleException.java; package-info.java; package-info.java; package-info.java,Hadoop YARN Capacity Scheduler Architecture,"The Hadoop YARN Capacity Scheduler Architecture is a modular, extensible system designed for efficient resource management in large-scale cluster environments. It consists of key components including the allocator, configuration manager, placement engine, and queue management system. These components work together to implement a flexible, policy-driven scheduling model. The system employs Java enums, state patterns, and strategy patterns to ensure type safety, extensibility, and maintainability. Key quality attributes include scalability, fairness, and security. The architecture supports various scheduling modes and provides diagnostic constants for monitoring and troubleshooting. The use of Java interfaces and annotations enhances the system's modularity and adaptability to different scheduling requirements."
Cluster_6,ResourceVector.java,Hadoop YARN Capacity Scheduler Resource Management,"The Hadoop YARN Capacity Scheduler architecture focuses on efficient resource allocation across a cluster. It utilizes the ResourceVector class to manage and manipulate resource vectors, representing cluster resources with floating-point values. The system ensures fair distribution of resources based on predefined capacities and queues. Key components include the CapacityScheduler class, which orchestrates resource allocation, and the ResourceVector class, which handles resource calculations and tracking. The architecture leverages Java's HashMap for efficient resource storage and retrieval, and integrates with Hadoop's YARN API for resource management. Scalability and extensibility are crucial aspects, with the system designed to accommodate growing cluster sizes and additional scheduling policies."
Cluster_7,GeneratePojos.java; LegacyMappingRuleToJson.java; MappingRuleCreator.java,Hadoop YARN Capacity Scheduler - Resource Management Architecture,"The Hadoop YARN Capacity Scheduler's resource management architecture is a modular system that efficiently allocates cluster resources. It consists of three key components: GeneratePojos for creating Java classes from JSON schemas, MappingRuleCreator using the Factory Method pattern for interpreting JSON configurations, and LegacyMappingRuleToJson for converting outdated formats. These components work together to manage and transform resource allocation rules, facilitating dynamic creation, conversion, and application of mapping rules. The system's design promotes scalability, extensibility, and maintainability through well-defined interfaces and shared dependencies. It leverages Java patterns and frameworks, such as the Factory Method, to ensure flexible and extensible rule creation, while integrating seamlessly with Hadoop YARN's existing classes."
Cluster_8,CSQueuePreemptionSettings.java,Hadoop YARN Capacity Scheduler Preemption Management,"The Hadoop YARN Capacity Scheduler Preemption Management system is a crucial component of the YARN architecture, responsible for handling resource preemption within the cluster. It manages preemption settings across queues, ensuring efficient resource utilization while maintaining system stability. The system leverages hierarchical inheritance of preemption configurations, allowing for both intra-queue and cross-queue preemption control. Key features include: 1. Dynamic preemption decision-making based on queue configurations and system-wide settings. 2. Support for both intra-queue and cross-queue preemption, with configurable options at different levels. 3. Integration with the CapacitySchedulerConfiguration and YarnConfiguration classes, ensuring seamless operation within the Hadoop YARN ecosystem. The implementation primarily uses Java, relying on object-oriented principles and inheritance to manage preemption settings. The system is designed for scalability and extensibility, allowing for future enhancements in preemption strategies."
Cluster_9,AbstractCSQueue.java; AbstractLeafQueue.java; AbstractParentQueue.java; AutoCreatedQueueDeletionPolicy.java; CSMaxRunningAppsEnforcer.java; CSQueue.java; CapacityScheduler.java; CapacitySchedulerConfigValidator.java; CapacitySchedulerConfiguration.java; CapacitySchedulerContext.java; CapacitySchedulerQueueContext.java; CapacitySchedulerQueueManager.java; QueueAppLifetimeAndLimitSettings.java; QueueConfigurationAutoRefreshPolicy.java; QueueManagementDynamicEditPolicy.java; UsersManager.java; WorkflowPriorityMappingsManager.java,Hadoop YARN Capacity Scheduler Architecture,"The Hadoop YARN Capacity Scheduler implements a multi-level, capacity-based resource management system. It consists of several key components working together to provide efficient resource allocation across a cluster. The scheduler uses a hierarchical queue structure, with AbstractParentQueue, AbstractLeafQueue, and CSQueue interfaces defining the core scheduling logic. The CapacityScheduler class orchestrates the overall scheduling process, while various enforcers (e.g., CSMaxRunningAppsEnforcer) manage specific constraints. The system employs Java patterns like the Template Method and Strategy, and integrates with Hadoop's YARN framework components. The architecture prioritizes scalability, fairness, and extensibility, with configuration validation and auto-creation/deletion policies to manage dynamic queue lifecycles. The implementation relies on core Hadoop YARN classes, Google Guava utilities, and Apache Commons libraries for efficient data management and scheduling algorithms."
