cluster_ID,files,title,description
Cluster_0,AllocationState.java; CSAMContainerLaunchDiagnosticsConstants.java; CapacitySchedulerMetrics.java; SchedulingMode.java,Hadoop YARN Capacity Scheduler Core," **Components and Interactions:** The Capacity Scheduler's core components interact to manage resource allocations efficiently. The `allocator` module ensures type-safe allocation state management through its `AllocationState` enumeration, collaborating with other scheduler components. `CSAMContainerLaunchDiagnosticsConstants` provides diagnostic message constants for container launch failures, while `CapacitySchedulerMetrics` centrally collects key performance indicators. `SchedulingMode` defines two modes influencing resource allocation decisions based on partitioning and application requirements. These components work together to optimize resource allocation, provide actionable diagnostics, and offer performance insights. **Quality Attributes:** * **Scalability:** Supported through efficient allocation state management and centralized metrics collection. * **Maintainability:** Enhanced by the use of clear, type-safe enumeration patterns and singleton instances for global access. * **Extensibility:** Facilitated by the definition of scheduling modes, allowing for adaptable resource allocation strategies. * **Fairness:** Implicitly promoted through the respect for partition exclusivity in scheduling decisions, ensuring equitable resource access. **Technology Used:** * **Java Patterns:** Enumeration, Singleton * **Frameworks/Tools:** Apache Hadoop YARN, Metrics2 framework for metrics management"
Cluster_1,AbstractAutoCreatedLeafQueue.java; AbstractContainerAllocator.java; AbstractManagedParentQueue.java; AutoCreatedLeafQueue.java; AutoCreatedQueueDeletionPolicy.java; CSAssignment.java; CSMaxRunningAppsEnforcer.java; CSQueue.java; CSQueueInfoProvider.java; CSQueueMetrics.java; CSQueuePreemptionSettings.java; CSQueueStore.java; CSQueueUsageTracker.java; CSQueueUtils.java; CapacityScheduler.java; CapacitySchedulerConfigValidator.java; CapacitySchedulerContext.java; CapacitySchedulerQueueContext.java; ConfigurationProperties.java; ConfiguredNodeLabels.java; ContainerAllocation.java; ContainerAllocator.java; GeneratePojos.java; KillableContainer.java; ManagedParentQueue.java; ParentQueue.java; PlanQueue.java; PreemptableQueue.java; PreemptionManager.java; QueueAdminConfigurationMutationACLPolicy.java; QueueAppLifetimeAndLimitSettings.java; QueueCapacityUpdateContext.java; QueueConfigurationAutoRefreshPolicy.java; QueueManagementDynamicEditPolicy.java; QueueNodeLabelsSettings.java; QueueStateHelper.java; QueueUpdateWarning.java; RegularContainerAllocator.java; ReservationQueue.java; UserInfo.java; YarnConfStoreVersionIncompatibleException.java,Hadoop YARN Capacity Scheduler Core," **Components and Interactions:** The Hadoop YARN Capacity Scheduler's core architecture consists of interconnected modules: - **Allocator:** Manages container allocation, ensuring efficient resource utilization. - **Configuration (conf):** Handles configuration integrity, access control, and version compatibility. - **Placement:** Dynamically generates Java POJOs for flexible resource placement rule mapping. - **Preemption:** Oversees preemptable resources and containers across hierarchical queues. - **Queue Management:** `AbstractAutoCreatedLeafQueue`, `AbstractManagedParentQueue`, `AutoCreatedLeafQueue`, and `AutoCreatedQueueDeletionPolicy` work in tandem to manage auto-created leaf queues, hierarchical queue structures, and automated queue deletion. **Quality Attributes:** - **Scalability:** Modular design and dynamic POJO generation enable adaptability to growing resource demands. - **Fairness:** Capacity Scheduler ensures equitable resource allocation through managed queue hierarchies and preemption. - **Security:** Access control and version compatibility in configuration management enhance security. - **Maintainability:** Clear module responsibilities and utilization of design patterns (e.g., Template Method, Delegation, Policy Pattern) facilitate maintenance. - **Extensibility:** The architecture's modularity and dynamic code generation support easy integration of new features. **Technology Used:** - **Java:** Primary programming language. - **Design Patterns:** Template Method, Delegation, Policy Pattern, Observer Pattern, and Code Generation Pattern"
Cluster_11,AbstractCSQueue.java,Hadoop YARN Capacity Scheduler Queue Management," **Components and Interactions:** The AbstractCSQueue class serves as a foundational element for various queue types within the Capacity Scheduler. It interacts with the CapacitySchedulerQueueContext, managing queue configurations, states, and access control. This class also communicates with external components through method calls for resource allocation and deallocation, updating queue capacity and usage tracking. **Quality Attributes:** * **Scalability:** Supported through dynamic queue creation and resource allocation management. * **Thread Safety:** Ensured via a ReentrantReadWriteLock for concurrent access. * **Maintainability:** Facilitated by inheritance, allowing for specialized queue types. * **Security:** Implemented through access control lists (ACLs) for queue operations. **Technology Used:** * **Java Patterns:** Inheritance (for queue type specialization), Locking Mechanisms (ReentrantReadWriteLock for thread safety). * **Java Frameworks/Tools:** None explicitly mentioned beyond standard Java concurrency utilities."
Cluster_12,AbstractParentQueue.java; AutoCreatedQueueManagementPolicy.java,Hadoop YARN Capacity Scheduler Queue Management," **Components and Interactions:** The Hadoop YARN Capacity Scheduler's queue management cluster consists of `AbstractParentQueue` and `AutoCreatedQueueManagementPolicy`. `AbstractParentQueue` manages child queues, enforces capacity constraints, and controls access. `AutoCreatedQueueManagementPolicy` initializes, configures, and adjusts capacities for auto-created leaf queues, interacting with `AbstractParentQueue` for context and updates. **Quality Attributes:** * **Scalability:** Supported through dynamic queue creation and capacity adjustments. * **Fairness:** Enforced via capacity constraints and resource allocation in `AbstractParentQueue`. * **Maintainability:** Facilitated by the modular design of `AutoCreatedQueueManagementPolicy` for managing auto-created queues. * **Extensibility:** Queues can be dynamically created and configured, suggesting a degree of flexibility. **Technology Used:** * **Java Patterns:** Utilizes abstract classes (e.g., `AbstractParentQueue`) for inheritance and interface definitions (e.g., `AutoCreatedQueueManagementPolicy`) for polymorphism. * **Frameworks/Tools:** Part of the Apache Hadoop YARN (Yet Another Resource Negotiator) ecosystem, indicating integration with broader Hadoop management tools."
Cluster_13,AppPriorityACLConfigurationParser.java; AppPriorityACLGroup.java; WorkflowPriorityMappingsManager.java,YARN Capacity Scheduler Priority Management," **Components and Interactions:** This architectural cluster manages application priority in YARN's Capacity Scheduler. Key components interact as follows: - `AppPriorityACLConfigurationParser` processes ACL configurations, generating `AppPriorityACLGroup` objects. - `AppPriorityACLGroup` represents ACL information tied to application priorities, enabling comparisons. - `WorkflowPriorityMappingsManager` dynamically adjusts application priorities based on workflow IDs and queue hierarchies, potentially overriding submitted priorities. **Quality Attributes:** - **Scalability:** Supported through recursive queue hierarchy resolution in `WorkflowPriorityMappingsManager`. - **Fairness:** Ensured by `AppPriorityACLGroup` comparisons and `WorkflowPriorityMappingsManager` overrides, promoting equitable resource allocation. - **Maintainability:** Facilitated by modular design (e.g., separate ACL parsing and workflow management). - **Extensibility:** Enabled through configurable workflow priority mappings and override flags in `WorkflowPriorityMappingsManager`. **Technology Used:** - **Java Patterns:** Enumerated key-type parsing, regular expression-based parsing. - **Frameworks/Tools:** YARN API, SLF4J for logging, Java standard library for collections and utilities."
Cluster_14,AutoCreatedLeafQueueConfig.java; DeactivatedLeafQueuesByLabel.java; LeafQueueEntitlements.java; QueueCapacities.java; QueueManagementChange.java,Hadoop YARN Capacity Scheduler Queue Management," **Components and Interactions:** This architectural cluster manages queue capacities within Hadoop YARN's Capacity Scheduler. Key components include: * `QueueManagement`: optimizes queue capacities using calculated leaf queue entitlements. * `AutoCreatedLeafQueueConfig`: configures and stores auto-created leaf queue capacities. * `QueueCapacities`: thread-safely manages queue capacity metrics. * `QueueManagementChange`: encapsulates dynamic queue updates and state transitions. These components interact through dependency on external interfaces (e.g., node labels, parent queue paths) and calculated capacities, ensuring efficient resource allocation. **Quality Attributes:** * **Scalability**: Supported through dynamic capacity adjustments and thread-safe access. * **Fairness**: Ensured by nuanced resource allocation via label-based differentiation. * **Maintainability**: Facilitated by clean code structures (e.g., enum for capacity types, builder pattern for configurations). * **Extensibility**: Enabled through the base class `QueueManagementChange` for specific update operations. **Technology Used:** * **Java**: Utilizes Java patterns (Lazy Initialization, Builder Pattern) and concurrency mechanisms (read/write locks) for efficient and thread-safe operations. * **Apache Hadoop YARN**: Integrates with YARN's resource management system, leveraging its concepts (e.g., leaf queues, capacity scheduler configuration)."
Cluster_15,AutoCreatedQueueTemplate.java; ConfigurationUpdateAssembler.java; QueuePrefixes.java; UserWeights.java,Capacity Scheduler Configuration Management," **Components and Interactions:** This architectural cluster manages configuration updates for the Hadoop YARN Capacity Scheduler. Key components include: * `ConfigurationUpdateAssembler`: collaborates with external entities to process queue configuration mutations. * `AutoCreatedQueueTemplate`: applies template settings to child queues based on parent configurations. * `QueuePrefixes`: generates prefix strings for queue configurations and node labels. * `UserWeights`: stores, retrieves, and validates user-specific weights for resource allocation. These components interact to ensure consistent and validated configurations across the Capacity Scheduler. **Quality Attributes:** * **Scalability**: Efficient use of `Map` data structures (e.g., in `AutoCreatedQueueTemplate` and `UserWeights`) enables handling of large configurations. * **Maintainability**: Modular design (e.g., separate files for distinct functionalities) facilitates updates and debugging. * **Configurational Flexibility**: Support for auto-created queue templates and user-specific weights allows for adaptable resource allocation strategies. **Technology Used:** * **Java**: Primary programming language. * **Command Pattern**: Implicitly utilized in `SchedConfUpdateInfo` for encapsulating configuration mutations. * **Map-based Configuration Interface**: Exposed through `AutoCreatedQueueTemplate` for efficient configuration storage and retrieval."
Cluster_16,FSSchedulerConfigurationStore.java; FileBasedCSConfigurationProvider.java; InMemoryConfigurationStore.java; LeveldbConfigurationStore.java; MutableCSConfigurationProvider.java; YarnConfigurationStore.java; YarnConfigurationStoreFactory.java; ZKConfigurationStore.java,YARN Capacity Scheduler Configuration Management," **Components and Interactions:** The configuration management module consists of layered components: Configuration Providers supply and manage data, Configuration Stores (File, In-Memory, LevelDB) handle persistence and retrieval, and a Factory unifies store access through `YarnConfigurationStore`. These collaborate to store, retrieve, and mutate Capacity Scheduler configurations in a YARN environment. **Quality Attributes:** * **Scalability:** Supported through pluggable stores (e.g., File, In-Memory, LevelDB) to accommodate varying deployment needs. * **Maintainability:** Layered architecture and unified interface facilitate updates and additions of configuration stores. * **Extensibility:** Factory pattern enables easy integration of new configuration stores. **Technology Used:** * **Java Patterns:** Factory, Layered Architecture * **Frameworks/Tools:** None explicitly identified beyond standard Java libraries."
Cluster_17,MappingRuleCreator.java,YARN Capacity Scheduler Placement Engine," **Components and Interactions:** The Placement Engine module generates and configures placement rules for informed resource allocation in Apache Hadoop YARN. It transforms JSON rule definitions into `MappingRulesDescription` objects, which are then converted into actionable `MappingRule` objects, leveraging `MappingRuleMatcher` and `MappingRuleAction` instances for policy-driven decisions. **Quality Attributes:** * **Extensibility:** Supported through the Factory Pattern, allowing for easy addition of new placement policies. * **Flexibility:** Enabled by Dependency Injection (e.g., `ObjectMapper` for JSON handling), facilitating adaptability to different data formats. * **Maintainability:** Enhanced by the modular, pipeline-based design, simplifying updates and troubleshooting. **Technology Used:** * **Programming Language:** Java * **Design Patterns:** Factory Pattern, Dependency Injection * **Frameworks/Tools:** Utilizes JSON processing (likely Jackson, given `ObjectMapper` reference)"
Cluster_18,MappingRulesDescription.java; Rule.java,YARN Capacity Scheduler Resource Placement," **Components and Interactions:** The Resource Placement module, within the YARN Capacity Scheduler, utilizes the `MappingRulesDescription` class to aggregate and manage `Rule` objects. These components collaborate to dynamically apply placement rules for resource allocation decisions, interacting through composite pattern-based relationships. **Quality Attributes:** * **Scalability:** Supported through modular, composite design, enabling easy addition of new rules. * **Maintainability:** Enhanced by use of standardized Enum patterns for fallback outcomes and clear, JSON-serializable data models. * **Extensibility:** Facilitated by the modular, aggregate design of `MappingRulesDescription` and `Rule` objects. **Technology Used:** * **Java Patterns:** Composite Pattern, Enum Pattern * **Frameworks/Tools:** Jackson Annotations for JSON serialization/deserialization"
Cluster_3,AbstractLeafQueue.java; CapacityHeadroomProvider.java; LeafQueue.java; PriorityUtilizationQueueOrderingPolicy.java; QueueAllocationSettings.java; ResourceVector.java; UsersManager.java,Hadoop YARN Capacity Scheduler Resource Management," **Components and Interactions:** This architectural cluster within Hadoop YARN's Capacity Scheduler focuses on resource management, comprising: - **Policy Enforcement (policy/)**: Orders and prioritizes resource queues based on capacity, utilization, and partition access. - **Queue Management (AbstractLeafQueue, LeafQueue)**: Handles resource allocation, application prioritization, and user limits within queues. - **Resource Allocation (CapacityHeadroomProvider, QueueAllocationSettings)**: Determines available resources (headroom) for allocation, considering queue limits, cluster resources, and application requests. - **Mathematical Resource Representation (ResourceVector)**: Enables arithmetic operations on resource vectors for efficient calculations. - **User Management (UsersManager)**: Tracks user resource usage, calculates limits, and updates application states for informed allocation decisions. **Quality Attributes:** - **Scalability**: Designed to handle dynamic resource allocation and user management. - **Fairness**: Ensures equitable resource distribution through prioritization and limit enforcement. - **Maintainability**: Employs modular design (e.g., Strategy Pattern) for easier updates and extensions. - **Extensibility**: Utilizes interfaces and abstract classes for seamless integration of new components or policies. **Technology Used:** - **Java**: Primary programming language. - **Strategy Pattern**: Employed in `PriorityUtilizationQueueOrderingPolicy` for flexible ordering strategies. - **Comparator Pattern**: Used in `Priority"
Cluster_5,GuaranteedOrZeroCapacityOverTimePolicy.java,YARN Capacity Scheduler: Queue Management," **Components and Interactions:** The Queue Management module dynamically adjusts capacities of auto-created leaf queues, ensuring efficient resource allocation. The `GuaranteedOrZeroCapacityOverTimePolicy` class orchestrates with external dependencies (`ManagedParentQueue`, `AutoCreatedLeafQueueConfig`, `QueueCapacities`) to update capacities, utilizing internal helper classes (`LeafQueueState`, `ParentQueueState`) for state tracking and thread-safe locking mechanisms. **Quality Attributes:** * **Scalability:** Designed to handle dynamic resource allocation for multiple auto-created leaf queues. * **Efficiency:** Optimizes resource allocation based on application submission order and real-time workload. * **Maintainability:** Employs organized state management and clear locking mechanisms for ease of maintenance. **Technology Used:** * **Java Patterns:** State Management Pattern, Locking Mechanism (read/write locks) * **Java Frameworks/Tools:** None explicitly mentioned, but likely utilizes Java concurrency utilities (e.g., `java.util.concurrent`) for locking mechanisms."
Cluster_6,CSConfigurationProvider.java; CapacitySchedulerConfiguration.java,Hadoop YARN Capacity Scheduler Configuration Management," **Components and Interactions:** The Capacity Scheduler's configuration management cluster consists of the `conf` module and `CapacitySchedulerConfiguration.java`. The `conf` module, led by `CSConfigurationProvider.java`, initializes and provides configuration settings to the Capacity Scheduler, integrating with Hadoop YARN Resource Manager. `CapacitySchedulerConfiguration.java` parses and loads configuration from XML files, managing queue settings, ordering policies, and resource allocation. **Quality Attributes:** * **Scalability:** Supported through hierarchical configuration approach and flexible ordering policies. * **Maintainability:** Enhanced by interface-driven design, dependency injection, and factory patterns. * **Extensibility:** Facilitated by the modular `conf` structure and configurable ordering policies. **Technology Used:** * **Java Patterns:** Factory, Dependency Injection, Interface-driven Design * **Frameworks/Tools:** Hadoop YARN, Java `Configuration` class for XML parsing and settings management, Regular Expressions for user weight settings parsing."
Cluster_7,CapacitySchedulerQueueManager.java; QueueOrderingPolicy.java,Hadoop YARN Capacity Scheduler Queue Management," **Components and Interactions:** The `policy` module determines child queue allocation ordering, collaborating with external queue management components through the `QueueOrderingPolicy` interface. The `CapacitySchedulerQueueManager` manages the queue hierarchy, interacting with external components for ACLs, node labeling, and capacity handling, receiving configuration inputs to initialize, update, and validate the queue structure. **Quality Attributes:** * **Scalability:** Supported through flexible queue ordering algorithms (Strategy Pattern) and efficient queue hierarchy management. * **Maintainability:** Enhanced by modular design (`policy` module) and clear interfaces (e.g., `QueueOrderingPolicy`). * **Security:** Addressed through Access Control List (ACL) management integration. * **Extensibility:** Facilitated by the Strategy Pattern, allowing for easy integration of new queue ordering algorithms. **Technology Used:** * **Java:** Utilized for implementation. * **Design Patterns:** Strategy Pattern (in `QueueOrderingPolicy` interface). * **Frameworks/Tools:** Apache Hadoop YARN, leveraging its resource management capabilities."
Cluster_8,LegacyMappingRuleToJson.java; QueuePath.java,Hadoop YARN Capacity Scheduler: Resource Allocation Framework," **Components and Interactions:** The `placement` module converts legacy mapping rules to standardized JSON, collaborating with other Capacity Scheduler components for resource allocation and scheduling decisions. The `QueuePath` class facilitates hierarchical queue path management, enabling easy access and validation for parent, leaf, and full path components. **Quality Attributes:** * **Scalability:** Enhanced through standardized JSON output, allowing for more efficient resource allocation. * **Interoperability:** Achieved via the `placement` module's Adapter Pattern, ensuring seamless integration with Apache Hadoop YARN. * **Maintainability:** Simplified by `QueuePath`'s utility methods for validation, iteration, and wildcard path generation. * **Extensibility:** Indicated by the configurable auto-created queue depth in `QueuePath`. **Technology Used:** * **Java Patterns:** Adapter Pattern (in `placement` module) * **Frameworks/Libraries:** Jackson (`ObjectMapper` for JSON serialization)"
Cluster_9,AbsoluteResourceCapacityCalculator.java; AbstractQueueCapacityCalculator.java; CalculationContext.java; CapacitySchedulerQueueCapacityHandler.java; DefaultQueueResourceRoundingStrategy.java; PercentageQueueCapacityCalculator.java; QueueCapacityConfigParser.java; QueueCapacityVector.java; QueueResourceRoundingStrategy.java; ResourceCalculationDriver.java; RootCalculationDriver.java; RootQueueCapacityCalculator.java; WeightQueueCapacityCalculator.java,Hadoop YARN Capacity Scheduler Resource Management," **Components and Interactions:** The Capacity Scheduler's resource management cluster consists of: 1. **Configuration Parsing (`conf`)**: Provides standardized `QueueCapacityVector` objects. 2. **Queue Capacity Calculators** (`AbsoluteResourceCapacityCalculator`, `PercentageQueueCapacityCalculator`, etc.): Calculate minimum and maximum resource capacities for queues based on different allocation strategies. 3. **Capacity Handlers** (`CapacitySchedulerQueueCapacityHandler`): Manage and update queue capacities, handling different capacity types and legacy modes. 4. **Resource Rounding Strategies** (`DefaultQueueResourceRoundingStrategy`): Apply rounding to resource values based on type precedence. 5. **Context and Vector Utilities** (`CalculationContext`, `QueueCapacityVector`): Facilitate calculation iterations and resource capacity management. **Quality Attributes:** * **Scalability**: Supports hierarchical queue management and recursive updates. * **Flexibility**: Accommodates various capacity allocation strategies (absolute, percentage, weight) and resource types. * **Maintainability**: Employs modular design with clear component responsibilities. * **Extensibility**: Allows for addition of new capacity calculators and rounding strategies. **Technology Used:** * **Java**: Primary programming language. * **Design Patterns**: Parser Chain, Factory, and Template Method patterns are utilized. * **Apache Hadoop YARN**: Integrates with YARN's resource management framework."
